{"mean":{"confidence_interval":{"confidence_level":0.95,"lower_bound":23117374.56241666,"upper_bound":24331934.713333324},"point_estimate":23702282.309999995,"standard_error":311981.24623158755},"median":{"confidence_interval":{"confidence_level":0.95,"lower_bound":22265680.333333332,"upper_bound":23189484.333333332},"point_estimate":22770394.833333336,"standard_error":205989.70837818368},"median_abs_dev":{"confidence_interval":{"confidence_level":0.95,"lower_bound":1406129.4809012113,"upper_bound":2506546.9090048927},"point_estimate":1964761.253118516,"standard_error":257422.1836472955},"slope":null,"std_dev":{"confidence_interval":{"confidence_level":0.95,"lower_bound":2499357.901779163,"upper_bound":3695013.0309024123},"point_estimate":3147813.3050537175,"standard_error":304922.34099690075}}