{"mean":{"confidence_interval":{"confidence_level":0.95,"lower_bound":25926489.58,"upper_bound":26877518.6485},"point_estimate":26394556.405,"standard_error":242706.65632403202},"median":{"confidence_interval":{"confidence_level":0.95,"lower_bound":25572140.0,"upper_bound":26300792.5},"point_estimate":26009065.75,"standard_error":188655.7359728424},"median_abs_dev":{"confidence_interval":{"confidence_level":0.95,"lower_bound":1617536.586382985,"upper_bound":2722089.504723251},"point_estimate":2363348.1249421835,"standard_error":284450.9168952023},"slope":null,"std_dev":{"confidence_interval":{"confidence_level":0.95,"lower_bound":1999496.0529702404,"upper_bound":2829673.847307306},"point_estimate":2432029.996294228,"standard_error":212567.1908637456}}