{"mean":{"confidence_interval":{"confidence_level":0.95,"lower_bound":25418121.639125,"upper_bound":26255509.09},"point_estimate":25822064.225,"standard_error":213756.90350159231},"median":{"confidence_interval":{"confidence_level":0.95,"lower_bound":25184753.25,"upper_bound":25988950.0},"point_estimate":25660276.0,"standard_error":211138.14533704426},"median_abs_dev":{"confidence_interval":{"confidence_level":0.95,"lower_bound":1187150.416123867,"upper_bound":2300242.6284675295},"point_estimate":1885555.449874699,"standard_error":279294.89548288047},"slope":null,"std_dev":{"confidence_interval":{"confidence_level":0.95,"lower_bound":1675883.5847443985,"upper_bound":2623609.5933965286},"point_estimate":2155568.594781297,"standard_error":244157.72119316715}}