{"mean":{"confidence_interval":{"confidence_level":0.95,"lower_bound":-0.060377517782009824,"upper_bound":-0.0006025152255996158},"point_estimate":-0.03032405553426465,"standard_error":0.015295323391980083},"median":{"confidence_interval":{"confidence_level":0.95,"lower_bound":-0.03902344343725195,"upper_bound":0.0006379709110102549},"point_estimate":-0.018398173780294624,"standard_error":0.00989117831907787}}