{"mean":{"confidence_interval":{"confidence_level":0.95,"lower_bound":25691856.60025,"upper_bound":26663739.327124998},"point_estimate":26171580.665,"standard_error":247883.83391518155},"median":{"confidence_interval":{"confidence_level":0.95,"lower_bound":25508524.5,"upper_bound":26361025.0},"point_estimate":26002446.75,"standard_error":216525.76124192416},"median_abs_dev":{"confidence_interval":{"confidence_level":0.95,"lower_bound":1648381.3375353813,"upper_bound":2635651.7023578286},"point_estimate":2264404.221148789,"standard_error":246622.41307625177},"slope":null,"std_dev":{"confidence_interval":{"confidence_level":0.95,"lower_bound":2042593.124321299,"upper_bound":2887275.8284549904},"point_estimate":2487118.048467233,"standard_error":216234.3304513244}}