{"mean":{"confidence_interval":{"confidence_level":0.95,"lower_bound":22957331.9,"upper_bound":24104033.0},"point_estimate":23504673.83,"standard_error":293025.4269356014},"median":{"confidence_interval":{"confidence_level":0.95,"lower_bound":22500234.333333336,"upper_bound":23054999.5},"point_estimate":22747238.833333332,"standard_error":167149.84640123948},"median_abs_dev":{"confidence_interval":{"confidence_level":0.95,"lower_bound":1232031.6825270653,"upper_bound":2513357.0343039907},"point_estimate":1784249.0230232477,"standard_error":327316.52748567984},"slope":null,"std_dev":{"confidence_interval":{"confidence_level":0.95,"lower_bound":2211145.701747952,"upper_bound":3643303.8268841463},"point_estimate":2943921.491612641,"standard_error":369817.65853330505}}