{"mean":{"confidence_interval":{"confidence_level":0.95,"lower_bound":20087214.696333334,"upper_bound":20646704.930416677},"point_estimate":20356165.503333334,"standard_error":142303.02553427452},"median":{"confidence_interval":{"confidence_level":0.95,"lower_bound":19952339.666666668,"upper_bound":20519342.5},"point_estimate":20167332.5,"standard_error":155013.65606117045},"median_abs_dev":{"confidence_interval":{"confidence_level":0.95,"lower_bound":745762.6127600642,"upper_bound":1300278.230315446},"point_estimate":954328.8466572762,"standard_error":135243.4723310488},"slope":null,"std_dev":{"confidence_interval":{"confidence_level":0.95,"lower_bound":1077293.3890740713,"upper_bound":1764892.3262074029},"point_estimate":1428510.7634384502,"standard_error":176893.4165259619}}