{"mean":{"confidence_interval":{"confidence_level":0.95,"lower_bound":19057703.01891666,"upper_bound":20303645.198333338},"point_estimate":19648391.23333333,"standard_error":319742.1248428871},"median":{"confidence_interval":{"confidence_level":0.95,"lower_bound":18295860.5,"upper_bound":19215625.0},"point_estimate":18788205.333333336,"standard_error":263068.80019011087},"median_abs_dev":{"confidence_interval":{"confidence_level":0.95,"lower_bound":1206451.6438811962,"upper_bound":2120610.1855516434},"point_estimate":1624326.8942624358,"standard_error":240167.98291220554},"slope":null,"std_dev":{"confidence_interval":{"confidence_level":0.95,"lower_bound":2303440.680324128,"upper_bound":3959586.214620996},"point_estimate":3218153.9335528356,"standard_error":422112.91523818794}}