{"mean":{"confidence_interval":{"confidence_level":0.95,"lower_bound":-0.021116337437668893,"upper_bound":0.038092358354973266},"point_estimate":0.008280287192613978,"standard_error":0.015195889824651497},"median":{"confidence_interval":{"confidence_level":0.95,"lower_bound":-0.026688143484941085,"upper_bound":0.023657109622322814},"point_estimate":-0.003024710328128122,"standard_error":0.013180545541648039}}