{"mean":{"confidence_interval":{"confidence_level":0.95,"lower_bound":0.01608781076488392,"upper_bound":0.07796801944324996},"point_estimate":0.04500240129705002,"standard_error":0.01576232648662365},"median":{"confidence_interval":{"confidence_level":0.95,"lower_bound":-0.001146659474050682,"upper_bound":0.05928560391442739},"point_estimate":0.03143768644775102,"standard_error":0.015734442823109332}}