{"mean":{"confidence_interval":{"confidence_level":0.95,"lower_bound":25235488.92,"upper_bound":26134027.905},"point_estimate":25660168.965,"standard_error":228430.6498523511},"median":{"confidence_interval":{"confidence_level":0.95,"lower_bound":25052314.25,"upper_bound":25738322.0},"point_estimate":25363167.0,"standard_error":185064.40618151525},"median_abs_dev":{"confidence_interval":{"confidence_level":0.95,"lower_bound":1135415.2846335992,"upper_bound":1877510.4917675257},"point_estimate":1532714.0766888857,"standard_error":197216.6107414547},"slope":null,"std_dev":{"confidence_interval":{"confidence_level":0.95,"lower_bound":1615811.5393835476,"upper_bound":2992567.497599281},"point_estimate":2303916.97462507,"standard_error":359403.15544588736}}