{"mean":{"confidence_interval":{"confidence_level":0.95,"lower_bound":20940794.533583336,"upper_bound":21600854.798583336},"point_estimate":21262380.62333334,"standard_error":167927.31804903614},"median":{"confidence_interval":{"confidence_level":0.95,"lower_bound":20651195.166666668,"upper_bound":21411105.666666668},"point_estimate":21041139.333333336,"standard_error":207651.38744140815},"median_abs_dev":{"confidence_interval":{"confidence_level":0.95,"lower_bound":1122810.290698631,"upper_bound":2024957.1286123262},"point_estimate":1440750.624221569,"standard_error":238509.5555488304},"slope":null,"std_dev":{"confidence_interval":{"confidence_level":0.95,"lower_bound":1396169.0957363779,"upper_bound":1943743.508000257},"point_estimate":1682196.6880943526,"standard_error":140076.70764565357}}