{"mean":{"confidence_interval":{"confidence_level":0.95,"lower_bound":0.0008912462592650218,"upper_bound":0.05925050441115931},"point_estimate":0.029366881563981373,"standard_error":0.015024218689698662},"median":{"confidence_interval":{"confidence_level":0.95,"lower_bound":-0.011110764347690871,"upper_bound":0.03828164731200001},"point_estimate":0.013461879373880326,"standard_error":0.01277423222057633}}