{"mean":{"confidence_interval":{"confidence_level":0.95,"lower_bound":-0.050549192684554656,"upper_bound":0.004366516717585217},"point_estimate":-0.023304651076920258,"standard_error":0.014000502567373629},"median":{"confidence_interval":{"confidence_level":0.95,"lower_bound":-0.026233647076822852,"upper_bound":0.01388964436323148},"point_estimate":-0.005350988231170195,"standard_error":0.009932479794517968}}