{"mean":{"confidence_interval":{"confidence_level":0.95,"lower_bound":-0.028549450285701376,"upper_bound":0.01971035599445863},"point_estimate":-0.005061525299007941,"standard_error":0.012367669183326657},"median":{"confidence_interval":{"confidence_level":0.95,"lower_bound":-0.021938830457471803,"upper_bound":0.019234797704398066},"point_estimate":-0.00009726416259303594,"standard_error":0.010510762516180066}}