{"mean":{"confidence_interval":{"confidence_level":0.95,"lower_bound":-0.016444342561837022,"upper_bound":0.060044269507928516},"point_estimate":0.020242252218228396,"standard_error":0.019533665307424498},"median":{"confidence_interval":{"confidence_level":0.95,"lower_bound":-0.005369274721635731,"upper_bound":0.05542513029800333},"point_estimate":0.011818423379849285,"standard_error":0.015944948308652434}}