{"mean":{"confidence_interval":{"confidence_level":0.95,"lower_bound":25554703.705,"upper_bound":26620546.235375002},"point_estimate":26066021.505,"standard_error":272149.3055937028},"median":{"confidence_interval":{"confidence_level":0.95,"lower_bound":25068269.5,"upper_bound":26039359.0},"point_estimate":25551377.0,"standard_error":275052.469198073},"median_abs_dev":{"confidence_interval":{"confidence_level":0.95,"lower_bound":1317634.7811073065,"upper_bound":2419906.7193880677},"point_estimate":1813873.9650472999,"standard_error":264591.82046140323},"slope":null,"std_dev":{"confidence_interval":{"confidence_level":0.95,"lower_bound":2040727.8003524898,"upper_bound":3397036.604521511},"point_estimate":2729121.210939482,"standard_error":348813.3494652381}}