{"mean":{"confidence_interval":{"confidence_level":0.95,"lower_bound":25284599.935,"upper_bound":26335743.605},"point_estimate":25776058.59,"standard_error":266860.7700284563},"median":{"confidence_interval":{"confidence_level":0.95,"lower_bound":24938920.0,"upper_bound":25596629.75},"point_estimate":25401326.5,"standard_error":174011.23759344537},"median_abs_dev":{"confidence_interval":{"confidence_level":0.95,"lower_bound":1065304.0492370725,"upper_bound":1932485.6694415212},"point_estimate":1425721.878938377,"standard_error":222447.8702147717},"slope":null,"std_dev":{"confidence_interval":{"confidence_level":0.95,"lower_bound":1806578.5700797886,"upper_bound":3619900.069996415},"point_estimate":2688573.033004491,"standard_error":481139.8933438435}}