{"mean":{"confidence_interval":{"confidence_level":0.95,"lower_bound":20957470.37833333,"upper_bound":21609879.279833335},"point_estimate":21274364.759999994,"standard_error":166796.60862578632},"median":{"confidence_interval":{"confidence_level":0.95,"lower_bound":20560108.0,"upper_bound":21390612.666666668},"point_estimate":20938942.333333336,"standard_error":238614.1751523008},"median_abs_dev":{"confidence_interval":{"confidence_level":0.95,"lower_bound":1077860.2625441535,"upper_bound":1668731.0105741043},"point_estimate":1338963.2172286548,"standard_error":147019.32600763108},"slope":null,"std_dev":{"confidence_interval":{"confidence_level":0.95,"lower_bound":1361171.7920419746,"upper_bound":1960802.2219460772},"point_estimate":1679415.8558886177,"standard_error":152930.61292306255}}