{"mean":{"confidence_interval":{"confidence_level":0.95,"lower_bound":0.0037020326981195956,"upper_bound":0.04757216089143558},"point_estimate":0.025313014095818875,"standard_error":0.011208030314362894},"median":{"confidence_interval":{"confidence_level":0.95,"lower_bound":-0.0003981303687358162,"upper_bound":0.05036993444135529},"point_estimate":0.022262701081903202,"standard_error":0.013584297545971487}}