{"mean":{"confidence_interval":{"confidence_level":0.95,"lower_bound":-0.010335074705818627,"upper_bound":0.04212735835037091},"point_estimate":0.015290669962477299,"standard_error":0.013278731853787347},"median":{"confidence_interval":{"confidence_level":0.95,"lower_bound":-0.02294212082943269,"upper_bound":0.03762319165604677},"point_estimate":0.00951636183747051,"standard_error":0.01528291294789341}}