{"mean":{"confidence_interval":{"confidence_level":0.95,"lower_bound":21762906.911583345,"upper_bound":23681507.100333344},"point_estimate":22600033.76,"standard_error":491901.0222511697},"median":{"confidence_interval":{"confidence_level":0.95,"lower_bound":20923007.0,"upper_bound":21970424.0},"point_estimate":21353884.833333336,"standard_error":285143.99311435013},"median_abs_dev":{"confidence_interval":{"confidence_level":0.95,"lower_bound":1372890.6952638165,"upper_bound":2546107.729497551},"point_estimate":1740938.571292162,"standard_error":309691.8721253629},"slope":null,"std_dev":{"confidence_interval":{"confidence_level":0.95,"lower_bound":2281621.723790895,"upper_bound":7465370.39312779},"point_estimate":4936236.878831557,"standard_error":1443294.569338373}}