{"mean":{"confidence_interval":{"confidence_level":0.95,"lower_bound":-0.1769988490415191,"upper_bound":-0.10088106551451632},"point_estimate":-0.13996742118152894,"standard_error":0.019327737280193377},"median":{"confidence_interval":{"confidence_level":0.95,"lower_bound":-0.16181290695880646,"upper_bound":-0.0794348467703434},"point_estimate":-0.11275955222276124,"standard_error":0.0204357982540154}}