{"mean":{"confidence_interval":{"confidence_level":0.95,"lower_bound":-0.013424963803655966,"upper_bound":0.03683655027566157},"point_estimate":0.011363938056937695,"standard_error":0.012706013257096048},"median":{"confidence_interval":{"confidence_level":0.95,"lower_bound":-0.02186284268570715,"upper_bound":0.03407972675435733},"point_estimate":0.004430691795368702,"standard_error":0.014328359576706385}}