{"mean":{"confidence_interval":{"confidence_level":0.95,"lower_bound":-0.08174850279384331,"upper_bound":0.0035587061423468986},"point_estimate":-0.03952292138468638,"standard_error":0.021856899900243115},"median":{"confidence_interval":{"confidence_level":0.95,"lower_bound":-0.0805868782689807,"upper_bound":-0.007605479760839695},"point_estimate":-0.047172438045515075,"standard_error":0.01859056551877278}}