{"mean":{"confidence_interval":{"confidence_level":0.95,"lower_bound":-0.024937427578350713,"upper_bound":0.025540714585556457},"point_estimate":0.001270895047783327,"standard_error":0.012979149696302159},"median":{"confidence_interval":{"confidence_level":0.95,"lower_bound":-0.029745174475715896,"upper_bound":0.013592118925755514},"point_estimate":-0.010583006494312208,"standard_error":0.011252155680001989}}