{"mean":{"confidence_interval":{"confidence_level":0.95,"lower_bound":-0.05215671439388572,"upper_bound":-0.004548901244147512},"point_estimate":-0.028983895912051194,"standard_error":0.012161441895262352},"median":{"confidence_interval":{"confidence_level":0.95,"lower_bound":-0.06292935353798368,"upper_bound":0.0014859461051655032},"point_estimate":-0.03171542100043501,"standard_error":0.01656985494608358}}