{"mean":{"confidence_interval":{"confidence_level":0.95,"lower_bound":-0.02635880525659784,"upper_bound":0.021745739235864592},"point_estimate":-0.0037076412205006015,"standard_error":0.012376567757004736},"median":{"confidence_interval":{"confidence_level":0.95,"lower_bound":-0.02325459129126428,"upper_bound":0.026720099849234513},"point_estimate":-0.00021102191938293657,"standard_error":0.012799738633081986}}