{"mean":{"confidence_interval":{"confidence_level":0.95,"lower_bound":-0.046511311484151885,"upper_bound":0.013905363886488331},"point_estimate":-0.017065598451732833,"standard_error":0.015361933957737717},"median":{"confidence_interval":{"confidence_level":0.95,"lower_bound":-0.040667679413593616,"upper_bound":0.013308783255710832},"point_estimate":-0.017745882068615937,"standard_error":0.013177192078783198}}