{"mean":{"confidence_interval":{"confidence_level":0.95,"lower_bound":-0.05041702733560888,"upper_bound":0.047980075303780415},"point_estimate":-0.002232761721014387,"standard_error":0.025063191143312107},"median":{"confidence_interval":{"confidence_level":0.95,"lower_bound":-0.030260762093822113,"upper_bound":0.039185943405191104},"point_estimate":0.0004217277105424966,"standard_error":0.018400263118933845}}