{"mean":{"confidence_interval":{"confidence_level":0.95,"lower_bound":-0.14059119016915017,"upper_bound":-0.06069695756339071},"point_estimate":-0.10179585446097295,"standard_error":0.020409924224752612},"median":{"confidence_interval":{"confidence_level":0.95,"lower_bound":-0.08149623602884448,"upper_bound":0.003818560214022604},"point_estimate":-0.03900813885964283,"standard_error":0.019406606599582037}}