{"mean":{"confidence_interval":{"confidence_level":0.95,"lower_bound":26359102.2765,"upper_bound":27359232.575},"point_estimate":26839012.335,"standard_error":254937.5059588289},"median":{"confidence_interval":{"confidence_level":0.95,"lower_bound":25921216.25,"upper_bound":26814411.75},"point_estimate":26423179.5,"standard_error":261600.73203891667},"median_abs_dev":{"confidence_interval":{"confidence_level":0.95,"lower_bound":1437739.8343250155,"upper_bound":2571516.28074646},"point_estimate":2071343.0177763104,"standard_error":287922.5611826713},"slope":null,"std_dev":{"confidence_interval":{"confidence_level":0.95,"lower_bound":1974952.179585584,"upper_bound":3110703.6023587673},"point_estimate":2567940.305369638,"standard_error":290584.81097172754}}