{"mean":{"confidence_interval":{"confidence_level":0.95,"lower_bound":-0.04375682857909946,"upper_bound":0.012359863493029656},"point_estimate":-0.0156688801392022,"standard_error":0.014250144499351174},"median":{"confidence_interval":{"confidence_level":0.95,"lower_bound":-0.03555579003901965,"upper_bound":0.026608175191455086},"point_estimate":-0.0007380866376164308,"standard_error":0.016331308060463994}}