{"mean":{"confidence_interval":{"confidence_level":0.95,"lower_bound":20109183.853750005,"upper_bound":20863886.918000016},"point_estimate":20471857.470000003,"standard_error":193224.5484581753},"median":{"confidence_interval":{"confidence_level":0.95,"lower_bound":19828863.833333336,"upper_bound":20317657.666666668},"point_estimate":20060108.5,"standard_error":133737.7502966816},"median_abs_dev":{"confidence_interval":{"confidence_level":0.95,"lower_bound":859931.9534331551,"upper_bound":1561186.1736834068},"point_estimate":1084379.30404842,"standard_error":180320.4362304077},"slope":null,"std_dev":{"confidence_interval":{"confidence_level":0.95,"lower_bound":1467908.2118264786,"upper_bound":2347293.9438571646},"point_estimate":1938309.8333800414,"standard_error":225013.41322773887}}