{"mean":{"confidence_interval":{"confidence_level":0.95,"lower_bound":23377449.54333334,"upper_bound":24561606.47333334},"point_estimate":23943063.699999996,"standard_error":303340.5499566793},"median":{"confidence_interval":{"confidence_level":0.95,"lower_bound":22731724.666666668,"upper_bound":23596247.666666668},"point_estimate":23099160.166666664,"standard_error":223157.3979528813},"median_abs_dev":{"confidence_interval":{"confidence_level":0.95,"lower_bound":1269237.0346665345,"upper_bound":2127033.549937603},"point_estimate":1645413.913688058,"standard_error":212857.45564942606},"slope":null,"std_dev":{"confidence_interval":{"confidence_level":0.95,"lower_bound":2306902.5393186724,"upper_bound":3695876.6332972553},"point_estimate":3066578.3762516608,"standard_error":355570.4625482968}}