{"mean":{"confidence_interval":{"confidence_level":0.95,"lower_bound":25339859.350250002,"upper_bound":26297474.36125},"point_estimate":25799511.105,"standard_error":244576.34010041002},"median":{"confidence_interval":{"confidence_level":0.95,"lower_bound":24918217.75,"upper_bound":26018256.5},"point_estimate":25419765.5,"standard_error":322284.62192168663},"median_abs_dev":{"confidence_interval":{"confidence_level":0.95,"lower_bound":1321872.7931320667,"upper_bound":2123971.2396919727},"point_estimate":1658548.6375048757,"standard_error":202387.87165065383},"slope":null,"std_dev":{"confidence_interval":{"confidence_level":0.95,"lower_bound":1682576.7762329737,"upper_bound":3141624.8847643784},"point_estimate":2453616.827885755,"standard_error":374075.1440141918}}