{"mean":{"confidence_interval":{"confidence_level":0.95,"lower_bound":-0.053528421937608255,"upper_bound":0.004411445970592057},"point_estimate":-0.024644575176310246,"standard_error":0.014749554486566473},"median":{"confidence_interval":{"confidence_level":0.95,"lower_bound":-0.03318375784719842,"upper_bound":0.004424837718575603},"point_estimate":-0.010579847460972291,"standard_error":0.009620115967353408}}