{"mean":{"confidence_interval":{"confidence_level":0.95,"lower_bound":25638728.31525,"upper_bound":26702031.8},"point_estimate":26157366.51,"standard_error":270430.0612322822},"median":{"confidence_interval":{"confidence_level":0.95,"lower_bound":25204065.5,"upper_bound":25982760.5},"point_estimate":25618656.25,"standard_error":208863.28923093877},"median_abs_dev":{"confidence_interval":{"confidence_level":0.95,"lower_bound":1107837.6185819507,"upper_bound":2458405.763554573},"point_estimate":1628082.319995761,"standard_error":329513.0774091462},"slope":null,"std_dev":{"confidence_interval":{"confidence_level":0.95,"lower_bound":2146017.990932291,"upper_bound":3240860.3699148376},"point_estimate":2715023.4514448587,"standard_error":279738.50483991596}}