{"mean":{"confidence_interval":{"confidence_level":0.95,"lower_bound":-0.03604164381554702,"upper_bound":0.013694940062704847},"point_estimate":-0.011780978867330982,"standard_error":0.01264420133819348},"median":{"confidence_interval":{"confidence_level":0.95,"lower_bound":-0.01968536662697684,"upper_bound":0.022774603447859216},"point_estimate":0.0007627809092825011,"standard_error":0.010936677979934419}}