{"mean":{"confidence_interval":{"confidence_level":0.95,"lower_bound":-0.006712196333736195,"upper_bound":0.05593427296249822},"point_estimate":0.02454668325228271,"standard_error":0.015939180456061876},"median":{"confidence_interval":{"confidence_level":0.95,"lower_bound":-0.009522052948852666,"upper_bound":0.04214352848521474},"point_estimate":0.015508215452394003,"standard_error":0.012388354745809496}}