{"mean":{"confidence_interval":{"confidence_level":0.95,"lower_bound":0.1316574186144178,"upper_bound":0.22567418133274408},"point_estimate":0.17557089337308485,"standard_error":0.024463481621971945},"median":{"confidence_interval":{"confidence_level":0.95,"lower_bound":0.08586575722766066,"upper_bound":0.20416746824941648},"point_estimate":0.127143288865889,"standard_error":0.029862742627289284}}