{"mean":{"confidence_interval":{"confidence_level":0.95,"lower_bound":0.16853953164922408,"upper_bound":0.28533989315840874},"point_estimate":0.2245364026674619,"standard_error":0.03010256714105066},"median":{"confidence_interval":{"confidence_level":0.95,"lower_bound":0.14040122593727444,"upper_bound":0.22430758773266635},"point_estimate":0.17788859742906005,"standard_error":0.021441841683386413}}