{"mean":{"confidence_interval":{"confidence_level":0.95,"lower_bound":-0.018140128264865486,"upper_bound":0.022076903742328884},"point_estimate":0.0009995452124205162,"standard_error":0.01027257830287389},"median":{"confidence_interval":{"confidence_level":0.95,"lower_bound":-0.022879668728425173,"upper_bound":0.01767936479984389},"point_estimate":0.0010009143512887952,"standard_error":0.01017861910485828}}