{"mean":{"confidence_interval":{"confidence_level":0.95,"lower_bound":-0.04322000436153031,"upper_bound":0.03377076766394663},"point_estimate":-0.00580542357163738,"standard_error":0.01971316279216477},"median":{"confidence_interval":{"confidence_level":0.95,"lower_bound":-0.034863949226610624,"upper_bound":0.04656381196953818},"point_estimate":0.007923103578860724,"standard_error":0.020952717517741564}}