{"mean":{"confidence_interval":{"confidence_level":0.95,"lower_bound":-0.04458787007849543,"upper_bound":0.009050348017697942},"point_estimate":-0.017853086553033748,"standard_error":0.013580238876730858},"median":{"confidence_interval":{"confidence_level":0.95,"lower_bound":-0.0489391099458677,"upper_bound":-0.006795439731817732},"point_estimate":-0.030780238796389692,"standard_error":0.010953595346923592}}