{"mean":{"confidence_interval":{"confidence_level":0.95,"lower_bound":22552091.078250013,"upper_bound":24412060.154666685},"point_estimate":23455026.886666656,"standard_error":474355.46316049295},"median":{"confidence_interval":{"confidence_level":0.95,"lower_bound":20622539.0,"upper_bound":22492889.333333332},"point_estimate":21523469.833333336,"standard_error":417363.17987374053},"median_abs_dev":{"confidence_interval":{"confidence_level":0.95,"lower_bound":1715272.788947817,"upper_bound":4092851.6497373544},"point_estimate":2826911.4232122945,"standard_error":581378.1008855613},"slope":null,"std_dev":{"confidence_interval":{"confidence_level":0.95,"lower_bound":3938217.07644077,"upper_bound":5503854.14422988},"point_estimate":4786041.626091952,"standard_error":399954.2912483622}}