{"mean":{"confidence_interval":{"confidence_level":0.95,"lower_bound":20860998.762666672,"upper_bound":21629536.419666667},"point_estimate":21212546.880000003,"standard_error":196912.3415100185},"median":{"confidence_interval":{"confidence_level":0.95,"lower_bound":20527194.666666664,"upper_bound":20980499.666666668},"point_estimate":20741697.0,"standard_error":122893.13698124427},"median_abs_dev":{"confidence_interval":{"confidence_level":0.95,"lower_bound":691240.9871280156,"upper_bound":1282258.7102353564},"point_estimate":937776.6063511362,"standard_error":147198.09329249916},"slope":null,"std_dev":{"confidence_interval":{"confidence_level":0.95,"lower_bound":1188387.3691206158,"upper_bound":2800103.9699913613},"point_estimate":1972202.9884663897,"standard_error":451169.38301747385}}