{"mean":{"confidence_interval":{"confidence_level":0.95,"lower_bound":20677377.742666673,"upper_bound":21630772.789166667},"point_estimate":21122974.586666662,"standard_error":242798.00190197115},"median":{"confidence_interval":{"confidence_level":0.95,"lower_bound":20320794.5,"upper_bound":21074564.333333332},"point_estimate":20766467.833333332,"standard_error":175742.42902657032},"median_abs_dev":{"confidence_interval":{"confidence_level":0.95,"lower_bound":1155579.6851843605,"upper_bound":1913025.4328370094},"point_estimate":1497490.219414235,"standard_error":196520.35175508665},"slope":null,"std_dev":{"confidence_interval":{"confidence_level":0.95,"lower_bound":1565856.2042955288,"upper_bound":3222750.2205617554},"point_estimate":2438015.5813727444,"standard_error":425594.957171389}}