{"mean":{"confidence_interval":{"confidence_level":0.95,"lower_bound":-0.026754340625551695,"upper_bound":0.025818928820047823},"point_estimate":-0.0012007355310496015,"standard_error":0.013325508656011781},"median":{"confidence_interval":{"confidence_level":0.95,"lower_bound":-0.04246766667144031,"upper_bound":0.0034166202361833875},"point_estimate":-0.024431985844579396,"standard_error":0.011748522436066899}}