{"mean":{"confidence_interval":{"confidence_level":0.95,"lower_bound":20353146.14625,"upper_bound":21079933.478833348},"point_estimate":20696959.31,"standard_error":186322.29293165516},"median":{"confidence_interval":{"confidence_level":0.95,"lower_bound":19934861.833333336,"upper_bound":20570718.666666668},"point_estimate":20312295.333333332,"standard_error":174887.88644443298},"median_abs_dev":{"confidence_interval":{"confidence_level":0.95,"lower_bound":878759.9846988944,"upper_bound":1462001.4709442854},"point_estimate":1233018.5999095459,"standard_error":153196.2844258117},"slope":null,"std_dev":{"confidence_interval":{"confidence_level":0.95,"lower_bound":1341389.4634264547,"upper_bound":2342650.3893525405},"point_estimate":1881360.8799860012,"standard_error":256132.6319976152}}