{"mean":{"confidence_interval":{"confidence_level":0.95,"lower_bound":-0.044555782620224915,"upper_bound":0.02750188294167244},"point_estimate":-0.009883611609213694,"standard_error":0.018282152278791503},"median":{"confidence_interval":{"confidence_level":0.95,"lower_bound":-0.03214145293551762,"upper_bound":0.025860375401739466},"point_estimate":0.002589255570667248,"standard_error":0.015079672562423296}}