{"mean":{"confidence_interval":{"confidence_level":0.95,"lower_bound":-0.04041461182794177,"upper_bound":0.006838860579084594},"point_estimate":-0.01757165733648791,"standard_error":0.012158847724594564},"median":{"confidence_interval":{"confidence_level":0.95,"lower_bound":-0.043524893685948474,"upper_bound":0.010807451767654408},"point_estimate":-0.022562424307489448,"standard_error":0.014545427706630809}}