{"mean":{"confidence_interval":{"confidence_level":0.95,"lower_bound":20226195.64316667,"upper_bound":20833453.286333337},"point_estimate":20521894.58333333,"standard_error":154769.80149155477},"median":{"confidence_interval":{"confidence_level":0.95,"lower_bound":20014410.666666664,"upper_bound":20725731.166666668},"point_estimate":20282663.833333336,"standard_error":189269.35979180943},"median_abs_dev":{"confidence_interval":{"confidence_level":0.95,"lower_bound":1039946.8824322575,"upper_bound":1643063.992729783},"point_estimate":1424870.495903492,"standard_error":152809.70744419348},"slope":null,"std_dev":{"confidence_interval":{"confidence_level":0.95,"lower_bound":1243115.8171461483,"upper_bound":1838943.9143643503},"point_estimate":1552468.0008622447,"standard_error":152290.96161351365}}