{"mean":{"confidence_interval":{"confidence_level":0.95,"lower_bound":-0.03051080161924903,"upper_bound":0.015168033707384856},"point_estimate":-0.009295529670779845,"standard_error":0.011502759816953768},"median":{"confidence_interval":{"confidence_level":0.95,"lower_bound":-0.043897889077921186,"upper_bound":-0.0003207716705942998},"point_estimate":-0.017835001176661813,"standard_error":0.011213054950744344}}