{"mean":{"confidence_interval":{"confidence_level":0.95,"lower_bound":25817187.65,"upper_bound":26948396.45},"point_estimate":26353733.48,"standard_error":287758.71180608013},"median":{"confidence_interval":{"confidence_level":0.95,"lower_bound":25504509.5,"upper_bound":26247171.0},"point_estimate":25907751.75,"standard_error":182968.89045156215},"median_abs_dev":{"confidence_interval":{"confidence_level":0.95,"lower_bound":1362753.2635062933,"upper_bound":2636798.5860999646},"point_estimate":1934609.8645538092,"standard_error":307226.707994925},"slope":null,"std_dev":{"confidence_interval":{"confidence_level":0.95,"lower_bound":2068844.4092795127,"upper_bound":3689849.3555416823},"point_estimate":2904870.85280186,"standard_error":417991.75226015196}}