{"mean":{"confidence_interval":{"confidence_level":0.95,"lower_bound":-0.025350844438469244,"upper_bound":0.021935195319259963},"point_estimate":-0.0020472236260375976,"standard_error":0.012054345826483482},"median":{"confidence_interval":{"confidence_level":0.95,"lower_bound":-0.03138347352369125,"upper_bound":0.02961840553987405},"point_estimate":-0.0021956413400464614,"standard_error":0.016571825703897532}}