{"mean":{"confidence_interval":{"confidence_level":0.95,"lower_bound":25769183.495,"upper_bound":26971993.628875002},"point_estimate":26337775.025,"standard_error":308005.06698050763},"median":{"confidence_interval":{"confidence_level":0.95,"lower_bound":25202629.5,"upper_bound":26237407.0},"point_estimate":25692783.25,"standard_error":293508.15275807295},"median_abs_dev":{"confidence_interval":{"confidence_level":0.95,"lower_bound":1334729.529453814,"upper_bound":2391927.7227897937},"point_estimate":1816735.3829964995,"standard_error":280882.59058576345},"slope":null,"std_dev":{"confidence_interval":{"confidence_level":0.95,"lower_bound":2135755.8300296636,"upper_bound":4029052.0309071653},"point_estimate":3113237.3587324144,"standard_error":491164.1117053676}}