{"mean":{"confidence_interval":{"confidence_level":0.95,"lower_bound":-0.03309347102683784,"upper_bound":0.059952861290535196},"point_estimate":0.008574717118867925,"standard_error":0.023844470748422577},"median":{"confidence_interval":{"confidence_level":0.95,"lower_bound":-0.0371274037609739,"upper_bound":0.046216629386363506},"point_estimate":0.003774797294813448,"standard_error":0.02118837716876674}}