{"mean":{"confidence_interval":{"confidence_level":0.95,"lower_bound":-0.03664716689112715,"upper_bound":0.015071212831576046},"point_estimate":-0.012005995901362643,"standard_error":0.013132441897124314},"median":{"confidence_interval":{"confidence_level":0.95,"lower_bound":-0.026073765624025302,"upper_bound":0.009110660515503115},"point_estimate":-0.006277497461066428,"standard_error":0.009047114843574587}}