{"mean":{"confidence_interval":{"confidence_level":0.95,"lower_bound":-0.014815398693526327,"upper_bound":0.07623763757221573},"point_estimate":0.031439342995723374,"standard_error":0.02324214374799021},"median":{"confidence_interval":{"confidence_level":0.95,"lower_bound":-0.03756279258710349,"upper_bound":0.039727371653215604},"point_estimate":0.011748458765864722,"standard_error":0.02014943364359143}}