{"mean":{"confidence_interval":{"confidence_level":0.95,"lower_bound":0.05441548480612883,"upper_bound":0.15371395894503803},"point_estimate":0.10364481015350346,"standard_error":0.02532493762528332},"median":{"confidence_interval":{"confidence_level":0.95,"lower_bound":0.0024863394995054814,"upper_bound":0.0943058613728649},"point_estimate":0.0504226175426965,"standard_error":0.020793100538784727}}