{"mean":{"confidence_interval":{"confidence_level":0.95,"lower_bound":22498335.930583335,"upper_bound":24467542.699416667},"point_estimate":23445064.356666673,"standard_error":502580.2671688786},"median":{"confidence_interval":{"confidence_level":0.95,"lower_bound":21121921.333333332,"upper_bound":22342357.5},"point_estimate":21592212.166666664,"standard_error":319138.90475343604},"median_abs_dev":{"confidence_interval":{"confidence_level":0.95,"lower_bound":1794565.6949400902,"upper_bound":3752973.2226289026},"point_estimate":2717579.806253314,"standard_error":524393.2544357678},"slope":null,"std_dev":{"confidence_interval":{"confidence_level":0.95,"lower_bound":3877293.8700411003,"upper_bound":6085865.489841124},"point_estimate":5043551.514839968,"standard_error":565578.625241277}}