{"mean":{"confidence_interval":{"confidence_level":0.95,"lower_bound":20575478.359666668,"upper_bound":21213959.354833335},"point_estimate":20887800.813333336,"standard_error":162983.12691168592},"median":{"confidence_interval":{"confidence_level":0.95,"lower_bound":20196174.333333332,"upper_bound":20760813.666666664},"point_estimate":20535442.5,"standard_error":142932.05792433198},"median_abs_dev":{"confidence_interval":{"confidence_level":0.95,"lower_bound":927405.5724352543,"upper_bound":1644624.9234020691},"point_estimate":1279457.090485096,"standard_error":182364.6985605621},"slope":null,"std_dev":{"confidence_interval":{"confidence_level":0.95,"lower_bound":1369281.5337551646,"upper_bound":1876000.9590212856},"point_estimate":1643880.9013620473,"standard_error":129750.3141573426}}