{"mean":{"confidence_interval":{"confidence_level":0.95,"lower_bound":20469141.759999994,"upper_bound":21189033.834166653},"point_estimate":20814467.236666672,"standard_error":183801.5121911589},"median":{"confidence_interval":{"confidence_level":0.95,"lower_bound":20180222.666666668,"upper_bound":20710878.0},"point_estimate":20554036.333333332,"standard_error":144682.4133046232},"median_abs_dev":{"confidence_interval":{"confidence_level":0.95,"lower_bound":890469.5592910051,"upper_bound":1566671.793586012},"point_estimate":1325585.9647661448,"standard_error":175967.9546199206},"slope":null,"std_dev":{"confidence_interval":{"confidence_level":0.95,"lower_bound":1365041.4264872717,"upper_bound":2341851.828939554},"point_estimate":1848169.0684412578,"standard_error":254588.24020689697}}