{"mean":{"confidence_interval":{"confidence_level":0.95,"lower_bound":-0.03355387940738824,"upper_bound":0.02838074041313326},"point_estimate":-0.004222609092630614,"standard_error":0.015566426701863737},"median":{"confidence_interval":{"confidence_level":0.95,"lower_bound":-0.02468704495025309,"upper_bound":0.02100107065842951},"point_estimate":0.0011942529742543506,"standard_error":0.011037948108270287}}