{"mean":{"confidence_interval":{"confidence_level":0.95,"lower_bound":20584183.31583333,"upper_bound":21342293.34208334},"point_estimate":20938493.88333334,"standard_error":193662.35188930915},"median":{"confidence_interval":{"confidence_level":0.95,"lower_bound":20361351.666666668,"upper_bound":20849594.0},"point_estimate":20574504.666666664,"standard_error":124339.7957956641},"median_abs_dev":{"confidence_interval":{"confidence_level":0.95,"lower_bound":706460.6171578187,"upper_bound":1271966.9954180717},"point_estimate":941837.941879034,"standard_error":142893.99457599473},"slope":null,"std_dev":{"confidence_interval":{"confidence_level":0.95,"lower_bound":1259375.0925639214,"upper_bound":2593022.4440857717},"point_estimate":1941553.1955048034,"standard_error":345841.54084497975}}