{"mean":{"confidence_interval":{"confidence_level":0.95,"lower_bound":-0.02694530954183564,"upper_bound":0.04068733558006608},"point_estimate":0.006205045718830293,"standard_error":0.017217715934680626},"median":{"confidence_interval":{"confidence_level":0.95,"lower_bound":-0.025862096897863784,"upper_bound":0.011661673472634249},"point_estimate":-0.007336985145844577,"standard_error":0.009709150797095044}}