{"mean":{"confidence_interval":{"confidence_level":0.95,"lower_bound":-0.052930979929850325,"upper_bound":0.023471745447197604},"point_estimate":-0.015354568583953232,"standard_error":0.019484087522957633},"median":{"confidence_interval":{"confidence_level":0.95,"lower_bound":-0.050395799578101697,"upper_bound":0.030322759007815225},"point_estimate":-0.017467917760448204,"standard_error":0.020678788655567}}