{"mean":{"confidence_interval":{"confidence_level":0.95,"lower_bound":-0.001295178348505539,"upper_bound":0.04152007635099277},"point_estimate":0.019305008431097725,"standard_error":0.010835137169138769},"median":{"confidence_interval":{"confidence_level":0.95,"lower_bound":-0.006542257403632568,"upper_bound":0.03214153894110039},"point_estimate":0.015649284967822696,"standard_error":0.009931036349489221}}