{"mean":{"confidence_interval":{"confidence_level":0.95,"lower_bound":25958590.713999998,"upper_bound":26822592.446125},"point_estimate":26381004.935,"standard_error":221384.12212221924},"median":{"confidence_interval":{"confidence_level":0.95,"lower_bound":25567005.0,"upper_bound":26587921.5},"point_estimate":25981816.25,"standard_error":267426.68127970357},"median_abs_dev":{"confidence_interval":{"confidence_level":0.95,"lower_bound":1473707.709686458,"upper_bound":2501788.25111188},"point_estimate":1892329.81980443,"standard_error":255109.26043503574},"slope":null,"std_dev":{"confidence_interval":{"confidence_level":0.95,"lower_bound":1850185.0091373108,"upper_bound":2534374.618595513},"point_estimate":2216208.346331125,"standard_error":174696.29103364714}}