{"mean":{"confidence_interval":{"confidence_level":0.95,"lower_bound":18642565.821083322,"upper_bound":19705394.314333342},"point_estimate":19146073.81666666,"standard_error":271446.82416075113},"median":{"confidence_interval":{"confidence_level":0.95,"lower_bound":17932127.333333332,"upper_bound":18746588.666666668},"point_estimate":18331285.5,"standard_error":192567.0831274619},"median_abs_dev":{"confidence_interval":{"confidence_level":0.95,"lower_bound":1059701.9649290317,"upper_bound":1924729.5712292176},"point_estimate":1456324.101445078,"standard_error":216396.3877258115},"slope":null,"std_dev":{"confidence_interval":{"confidence_level":0.95,"lower_bound":1985554.4383595176,"upper_bound":3339805.551394027},"point_estimate":2726619.0698467423,"standard_error":345790.5375572784}}