{"mean":{"confidence_interval":{"confidence_level":0.95,"lower_bound":20720473.718583338,"upper_bound":21434109.97183333},"point_estimate":21061264.30333333,"standard_error":182009.42862634087},"median":{"confidence_interval":{"confidence_level":0.95,"lower_bound":20380925.333333332,"upper_bound":21070935.0},"point_estimate":20760637.0,"standard_error":153893.60700578586},"median_abs_dev":{"confidence_interval":{"confidence_level":0.95,"lower_bound":972812.6676291218,"upper_bound":1711023.1508682622},"point_estimate":1310945.2900260687,"standard_error":196502.04630857735},"slope":null,"std_dev":{"confidence_interval":{"confidence_level":0.95,"lower_bound":1344453.5430341642,"upper_bound":2308292.9901249185},"point_estimate":1832816.8456889172,"standard_error":248454.8103932523}}