{"mean":{"confidence_interval":{"confidence_level":0.95,"lower_bound":-0.04684083779800762,"upper_bound":0.03166118117737742},"point_estimate":-0.009766603719974065,"standard_error":0.02014114070935639},"median":{"confidence_interval":{"confidence_level":0.95,"lower_bound":-0.04236755238522072,"upper_bound":0.010197301849498963},"point_estimate":-0.009947176218044307,"standard_error":0.013805282078758044}}