{"mean":{"confidence_interval":{"confidence_level":0.95,"lower_bound":-0.0051759583356798386,"upper_bound":0.04862344360310699},"point_estimate":0.020721807782488888,"standard_error":0.013750674458569277},"median":{"confidence_interval":{"confidence_level":0.95,"lower_bound":-0.011854199202627026,"upper_bound":0.05202059769343825},"point_estimate":0.01788102647917822,"standard_error":0.01627651888069599}}