{"mean":{"confidence_interval":{"confidence_level":0.95,"lower_bound":24940989.18,"upper_bound":25898568.55},"point_estimate":25390820.185,"standard_error":244047.07064262524},"median":{"confidence_interval":{"confidence_level":0.95,"lower_bound":24343556.5,"upper_bound":25328916.75},"point_estimate":24725577.5,"standard_error":221122.04848561197},"median_abs_dev":{"confidence_interval":{"confidence_level":0.95,"lower_bound":1243435.1002246141,"upper_bound":2167171.8214987586},"point_estimate":1632285.4909211397,"standard_error":229739.4438790674},"slope":null,"std_dev":{"confidence_interval":{"confidence_level":0.95,"lower_bound":1742600.689475246,"upper_bound":3141048.1522966595},"point_estimate":2459710.925254971,"standard_error":359218.81862667354}}