{"mean":{"confidence_interval":{"confidence_level":0.95,"lower_bound":-0.1415591957609633,"upper_bound":-0.06208969272743719},"point_estimate":-0.09928605773315746,"standard_error":0.02044652807543161},"median":{"confidence_interval":{"confidence_level":0.95,"lower_bound":-0.08362293533871912,"upper_bound":-0.029507569815650503},"point_estimate":-0.05556611092521824,"standard_error":0.014510716920295064}}