{"mean":{"confidence_interval":{"confidence_level":0.95,"lower_bound":-0.05636341012190208,"upper_bound":-0.002882816611985366},"point_estimate":-0.029305179659693592,"standard_error":0.013594887263803748},"median":{"confidence_interval":{"confidence_level":0.95,"lower_bound":-0.052948382101051905,"upper_bound":-0.007948013784555674},"point_estimate":-0.034860483753904936,"standard_error":0.01138150756764884}}