{"mean":{"confidence_interval":{"confidence_level":0.95,"lower_bound":23556977.72333334,"upper_bound":24860238.84666666},"point_estimate":24182069.88666667,"standard_error":333107.7826984283},"median":{"confidence_interval":{"confidence_level":0.95,"lower_bound":22825616.5,"upper_bound":23700469.0},"point_estimate":23039505.0,"standard_error":275723.56325164065},"median_abs_dev":{"confidence_interval":{"confidence_level":0.95,"lower_bound":1265584.6496313773,"upper_bound":2368595.046249032},"point_estimate":1838375.7828623056,"standard_error":270663.02794274106},"slope":null,"std_dev":{"confidence_interval":{"confidence_level":0.95,"lower_bound":2460914.2592481906,"upper_bound":4067332.7020220407},"point_estimate":3343048.1348609473,"standard_error":411647.7849670707}}