{"mean":{"confidence_interval":{"confidence_level":0.95,"lower_bound":20483807.020750005,"upper_bound":21151621.97141667},"point_estimate":20811808.89,"standard_error":170299.12441172908},"median":{"confidence_interval":{"confidence_level":0.95,"lower_bound":20153361.166666664,"upper_bound":20944790.666666668},"point_estimate":20521547.666666664,"standard_error":228258.51408057538},"median_abs_dev":{"confidence_interval":{"confidence_level":0.95,"lower_bound":1161931.8847715836,"upper_bound":1879338.5375350714},"point_estimate":1533245.341679452,"standard_error":178926.01093635248},"slope":null,"std_dev":{"confidence_interval":{"confidence_level":0.95,"lower_bound":1388135.5872310787,"upper_bound":2030571.398616038},"point_estimate":1712976.774074579,"standard_error":164827.65867799963}}