{"mean":{"confidence_interval":{"confidence_level":0.95,"lower_bound":-0.015374387014335855,"upper_bound":0.0479738494874977},"point_estimate":0.014837573215072286,"standard_error":0.01615752306355853},"median":{"confidence_interval":{"confidence_level":0.95,"lower_bound":-0.01601241197758463,"upper_bound":0.023700971439837515},"point_estimate":0.00006257779585205903,"standard_error":0.01024991700116382}}