{"mean":{"confidence_interval":{"confidence_level":0.95,"lower_bound":-0.027298116134242836,"upper_bound":0.024309898933520008},"point_estimate":-0.0027664366251781702,"standard_error":0.013102554575071987},"median":{"confidence_interval":{"confidence_level":0.95,"lower_bound":-0.0388086987124906,"upper_bound":0.004797097718336918},"point_estimate":-0.02076566969238991,"standard_error":0.010977035501612505}}