{"mean":{"confidence_interval":{"confidence_level":0.95,"lower_bound":-0.04245910611417146,"upper_bound":0.012347693147577153},"point_estimate":-0.014731149506901242,"standard_error":0.01393097882648588},"median":{"confidence_interval":{"confidence_level":0.95,"lower_bound":-0.03679719402889048,"upper_bound":0.015492395817276794},"point_estimate":-0.011794021430718948,"standard_error":0.013912460702504455}}