{"mean":{"confidence_interval":{"confidence_level":0.95,"lower_bound":24081094.552333333,"upper_bound":25296314.13},"point_estimate":24670527.50666667,"standard_error":310093.1676114113},"median":{"confidence_interval":{"confidence_level":0.95,"lower_bound":23256038.333333332,"upper_bound":24545052.0},"point_estimate":23901846.166666664,"standard_error":331713.0675471608},"median_abs_dev":{"confidence_interval":{"confidence_level":0.95,"lower_bound":1534969.6054488374,"upper_bound":2879473.298779132},"point_estimate":2026307.6845258484,"standard_error":335908.27352898376},"slope":null,"std_dev":{"confidence_interval":{"confidence_level":0.95,"lower_bound":2450384.8493316122,"upper_bound":3700226.585279172},"point_estimate":3117618.899576412,"standard_error":319149.8565067074}}