{"mean":{"confidence_interval":{"confidence_level":0.95,"lower_bound":29264722.74,"upper_bound":31637216.73},"point_estimate":30414390.285,"standard_error":605319.9321819149},"median":{"confidence_interval":{"confidence_level":0.95,"lower_bound":27850723.25,"upper_bound":30564365.0},"point_estimate":28874536.0,"standard_error":633052.2591882504},"median_abs_dev":{"confidence_interval":{"confidence_level":0.95,"lower_bound":3921971.3774710894,"upper_bound":6331441.334344447},"point_estimate":5297276.703004539,"standard_error":594421.8986227693},"slope":null,"std_dev":{"confidence_interval":{"confidence_level":0.95,"lower_bound":4807226.553128225,"upper_bound":7311485.348750743},"point_estimate":6103487.498837309,"standard_error":640321.8173087655}}