{"mean":{"confidence_interval":{"confidence_level":0.95,"lower_bound":-0.02068439444676964,"upper_bound":0.026418600882612633},"point_estimate":0.002426922319541003,"standard_error":0.012081438325123683},"median":{"confidence_interval":{"confidence_level":0.95,"lower_bound":-0.013181440376277331,"upper_bound":0.023939497920624886},"point_estimate":0.001902182856135859,"standard_error":0.009308434553487722}}