{"mean":{"confidence_interval":{"confidence_level":0.95,"lower_bound":-0.02212328170000962,"upper_bound":0.02479631438135219},"point_estimate":0.0012486550353976167,"standard_error":0.011912616787252427},"median":{"confidence_interval":{"confidence_level":0.95,"lower_bound":-0.012104688084360604,"upper_bound":0.035293168446230094},"point_estimate":0.008772202071320345,"standard_error":0.011939255402412417}}