{"mean":{"confidence_interval":{"confidence_level":0.95,"lower_bound":-0.038076228777500366,"upper_bound":0.04931226998678811},"point_estimate":0.0059065815861685245,"standard_error":0.022258895563835545},"median":{"confidence_interval":{"confidence_level":0.95,"lower_bound":-0.010798064223384807,"upper_bound":0.048502493214464204},"point_estimate":0.020133536299515642,"standard_error":0.01474379258605925}}