{"mean":{"confidence_interval":{"confidence_level":0.95,"lower_bound":-0.054818742161112814,"upper_bound":0.016579144804246278},"point_estimate":-0.02178223122227607,"standard_error":0.018206108459070024},"median":{"confidence_interval":{"confidence_level":0.95,"lower_bound":-0.050416873450000343,"upper_bound":0.01211366702031258},"point_estimate":-0.027440802311524126,"standard_error":0.015150448781428157}}