{"mean":{"confidence_interval":{"confidence_level":0.95,"lower_bound":-0.00756267075120054,"upper_bound":0.042248594902416586},"point_estimate":0.017361256750016985,"standard_error":0.012699273875754183},"median":{"confidence_interval":{"confidence_level":0.95,"lower_bound":-0.014629246194666323,"upper_bound":0.039690581411990555},"point_estimate":0.01698739017138573,"standard_error":0.014289091892977824}}