{"mean":{"confidence_interval":{"confidence_level":0.95,"lower_bound":25669875.03,"upper_bound":26609092.245},"point_estimate":26129900.025,"standard_error":240619.27333028012},"median":{"confidence_interval":{"confidence_level":0.95,"lower_bound":25210460.5,"upper_bound":25925036.0},"point_estimate":25640717.75,"standard_error":185257.6122262139},"median_abs_dev":{"confidence_interval":{"confidence_level":0.95,"lower_bound":1377802.0238891244,"upper_bound":2468612.7230733633},"point_estimate":1930438.5695278645,"standard_error":299162.2058389382},"slope":null,"std_dev":{"confidence_interval":{"confidence_level":0.95,"lower_bound":1957562.5582143639,"upper_bound":2829214.9998858576},"point_estimate":2421208.5608042353,"standard_error":221098.25765743174}}