{"mean":{"confidence_interval":{"confidence_level":0.95,"lower_bound":-0.05297160263795316,"upper_bound":0.000481506559596908},"point_estimate":-0.026045645901412562,"standard_error":0.01366432328373585},"median":{"confidence_interval":{"confidence_level":0.95,"lower_bound":-0.03318304281515294,"upper_bound":0.02218422059222891},"point_estimate":-0.004556328094341144,"standard_error":0.013939995389613985}}