{"mean":{"confidence_interval":{"confidence_level":0.95,"lower_bound":-0.047867680235826916,"upper_bound":0.03171420909238426},"point_estimate":-0.00862733754690681,"standard_error":0.020226976753758334},"median":{"confidence_interval":{"confidence_level":0.95,"lower_bound":-0.023597344832102074,"upper_bound":0.024522265915269514},"point_estimate":-0.00534119726600335,"standard_error":0.012572443173372172}}