{"mean":{"confidence_interval":{"confidence_level":0.95,"lower_bound":-0.0322239394604898,"upper_bound":0.01947819022644408},"point_estimate":-0.006172331852631441,"standard_error":0.013202527411887514},"median":{"confidence_interval":{"confidence_level":0.95,"lower_bound":-0.023845203566543183,"upper_bound":0.02326299889557837},"point_estimate":0.004952781905533499,"standard_error":0.012325040776738938}}