{"mean":{"confidence_interval":{"confidence_level":0.95,"lower_bound":-0.02772032797277453,"upper_bound":0.01868811262172755},"point_estimate":-0.005518481387515872,"standard_error":0.011871962615807665},"median":{"confidence_interval":{"confidence_level":0.95,"lower_bound":-0.03749937254125679,"upper_bound":0.01410362882102345},"point_estimate":-0.01019671307116965,"standard_error":0.013760862800007012}}