{"mean":{"confidence_interval":{"confidence_level":0.95,"lower_bound":-0.04514562865898427,"upper_bound":0.008434975009429144},"point_estimate":-0.01803299325560037,"standard_error":0.013673126613270392},"median":{"confidence_interval":{"confidence_level":0.95,"lower_bound":-0.03796553492644672,"upper_bound":0.013440196964084746},"point_estimate":-0.014911368573208406,"standard_error":0.013256671468531833}}