{"mean":{"confidence_interval":{"confidence_level":0.95,"lower_bound":-0.025758957227403668,"upper_bound":0.02406860090628943},"point_estimate":-0.001592591618118866,"standard_error":0.01277104588496172},"median":{"confidence_interval":{"confidence_level":0.95,"lower_bound":-0.03273264949638055,"upper_bound":0.008683999398458875},"point_estimate":-0.013911344708359086,"standard_error":0.010428938328725176}}