{"mean":{"confidence_interval":{"confidence_level":0.95,"lower_bound":-0.030553964997884896,"upper_bound":0.04077632825746317},"point_estimate":0.0043284740190754345,"standard_error":0.01805686969361924},"median":{"confidence_interval":{"confidence_level":0.95,"lower_bound":-0.032281806101581045,"upper_bound":0.014266731508688478},"point_estimate":-0.011475883670071574,"standard_error":0.011621355571199206}}