{"mean":{"confidence_interval":{"confidence_level":0.95,"lower_bound":25170889.79775,"upper_bound":26239758.89},"point_estimate":25684779.865,"standard_error":272704.69185905595},"median":{"confidence_interval":{"confidence_level":0.95,"lower_bound":24776278.437500004,"upper_bound":25483684.25},"point_estimate":25129351.0,"standard_error":182206.16591386782},"median_abs_dev":{"confidence_interval":{"confidence_level":0.95,"lower_bound":1170569.7593182325,"upper_bound":2635169.857366383},"point_estimate":1762825.0827535987,"standard_error":379708.68414198246},"slope":null,"std_dev":{"confidence_interval":{"confidence_level":0.95,"lower_bound":2041292.1123613028,"upper_bound":3443055.115692661},"point_estimate":2760916.98235492,"standard_error":358199.5916559735}}