{"mean":{"confidence_interval":{"confidence_level":0.95,"lower_bound":-0.00013464683697422708,"upper_bound":0.057536763198656395},"point_estimate":0.029395045002072573,"standard_error":0.014683956963508204},"median":{"confidence_interval":{"confidence_level":0.95,"lower_bound":0.008008133750042275,"upper_bound":0.06953154878166501},"point_estimate":0.040199545941317805,"standard_error":0.015933276392401854}}