{"mean":{"confidence_interval":{"confidence_level":0.95,"lower_bound":19997255.86333334,"upper_bound":20694980.209583335},"point_estimate":20331132.703333337,"standard_error":178170.25893461448},"median":{"confidence_interval":{"confidence_level":0.95,"lower_bound":19632792.333333332,"upper_bound":20140164.0},"point_estimate":19920922.5,"standard_error":135004.09652287266},"median_abs_dev":{"confidence_interval":{"confidence_level":0.95,"lower_bound":762092.2159701549,"upper_bound":1316293.5223311167},"point_estimate":1039464.1849458218,"standard_error":136792.13082497253},"slope":null,"std_dev":{"confidence_interval":{"confidence_level":0.95,"lower_bound":1317415.0272579738,"upper_bound":2194659.083922692},"point_estimate":1785045.0172640309,"standard_error":224363.85941712372}}