{"mean":{"confidence_interval":{"confidence_level":0.95,"lower_bound":18616175.382500004,"upper_bound":19616304.03358333},"point_estimate":19092115.996666666,"standard_error":254527.37814376893},"median":{"confidence_interval":{"confidence_level":0.95,"lower_bound":18135742.0,"upper_bound":19211658.0},"point_estimate":18562207.833333336,"standard_error":293572.30515779473},"median_abs_dev":{"confidence_interval":{"confidence_level":0.95,"lower_bound":1601566.266566514,"upper_bound":2359735.7701063156},"point_estimate":2143115.3118520975,"standard_error":195262.07565267786},"slope":null,"std_dev":{"confidence_interval":{"confidence_level":0.95,"lower_bound":1936783.2211053357,"upper_bound":3098959.612905944},"point_estimate":2556176.834196182,"standard_error":296584.5099092696}}