{"mean":{"confidence_interval":{"confidence_level":0.95,"lower_bound":20748075.996666666,"upper_bound":21834544.57099999},"point_estimate":21252332.879999995,"standard_error":276368.7345324324},"median":{"confidence_interval":{"confidence_level":0.95,"lower_bound":20287606.666666668,"upper_bound":20753604.833333332},"point_estimate":20490295.5,"standard_error":113944.85849478727},"median_abs_dev":{"confidence_interval":{"confidence_level":0.95,"lower_bound":1024031.5547198066,"upper_bound":1714894.478854537},"point_estimate":1401657.9223155985,"standard_error":185150.92742169587},"slope":null,"std_dev":{"confidence_interval":{"confidence_level":0.95,"lower_bound":1755482.5129898165,"upper_bound":3724562.56526309},"point_estimate":2772870.7442190456,"standard_error":509581.00986623194}}