{"mean":{"confidence_interval":{"confidence_level":0.95,"lower_bound":20699864.681583323,"upper_bound":21299998.03175},"point_estimate":20992020.133333337,"standard_error":153796.77429394308},"median":{"confidence_interval":{"confidence_level":0.95,"lower_bound":20344518.666666664,"upper_bound":21108246.0},"point_estimate":20756470.0,"standard_error":189747.15784712558},"median_abs_dev":{"confidence_interval":{"confidence_level":0.95,"lower_bound":1032045.2793875355,"upper_bound":1632992.1969085895},"point_estimate":1374725.5053937426,"standard_error":156168.97747988263},"slope":null,"std_dev":{"confidence_interval":{"confidence_level":0.95,"lower_bound":1247004.1303154377,"upper_bound":1830407.626147515},"point_estimate":1549507.2018415753,"standard_error":149063.28882006486}}