{"mean":{"confidence_interval":{"confidence_level":0.95,"lower_bound":25056373.74,"upper_bound":25970725.51075},"point_estimate":25501072.43,"standard_error":234749.25715686372},"median":{"confidence_interval":{"confidence_level":0.95,"lower_bound":24785830.25,"upper_bound":25710873.5},"point_estimate":25165059.5,"standard_error":276306.0892644494},"median_abs_dev":{"confidence_interval":{"confidence_level":0.95,"lower_bound":1408224.2340490222,"upper_bound":2187612.9555121064},"point_estimate":1846561.958616972,"standard_error":199020.96455288632},"slope":null,"std_dev":{"confidence_interval":{"confidence_level":0.95,"lower_bound":1832709.1823580558,"upper_bound":2861495.911569856},"point_estimate":2364279.9018523754,"standard_error":262273.18535303103}}