{"mean":{"confidence_interval":{"confidence_level":0.95,"lower_bound":19043740.50658333,"upper_bound":20413402.24325},"point_estimate":19692359.580000006,"standard_error":350728.9793328795},"median":{"confidence_interval":{"confidence_level":0.95,"lower_bound":18271694.333333332,"upper_bound":19028111.833333336},"point_estimate":18780285.166666664,"standard_error":226904.68234930036},"median_abs_dev":{"confidence_interval":{"confidence_level":0.95,"lower_bound":1124748.3700942234,"upper_bound":1931038.0279397187},"point_estimate":1468126.0914355516,"standard_error":195308.85347439273},"slope":null,"std_dev":{"confidence_interval":{"confidence_level":0.95,"lower_bound":2514970.918517053,"upper_bound":4340128.888602028},"point_estimate":3525110.447703095,"standard_error":464751.83349095227}}