{"mean":{"confidence_interval":{"confidence_level":0.95,"lower_bound":25158987.2,"upper_bound":26059132.183625},"point_estimate":25595973.115,"standard_error":228559.20783641437},"median":{"confidence_interval":{"confidence_level":0.95,"lower_bound":24809474.5,"upper_bound":25571559.5},"point_estimate":25170371.0,"standard_error":190177.59562450188},"median_abs_dev":{"confidence_interval":{"confidence_level":0.95,"lower_bound":1117345.4210181534,"upper_bound":2133245.643827319},"point_estimate":1691519.8076695204,"standard_error":264031.06436971884},"slope":null,"std_dev":{"confidence_interval":{"confidence_level":0.95,"lower_bound":1826573.0945489153,"upper_bound":2720574.0894855163},"point_estimate":2289299.751306634,"standard_error":229320.23350748947}}