{"mean":{"confidence_interval":{"confidence_level":0.95,"lower_bound":21262048.952250004,"upper_bound":22285197.60025},"point_estimate":21748530.16666667,"standard_error":261497.0290611646},"median":{"confidence_interval":{"confidence_level":0.95,"lower_bound":20732473.666666668,"upper_bound":21361735.166666668},"point_estimate":20963487.5,"standard_error":164622.34184526303},"median_abs_dev":{"confidence_interval":{"confidence_level":0.95,"lower_bound":1199898.7990975343,"upper_bound":2168777.3876965027},"point_estimate":1614236.5659415713,"standard_error":255451.24468380905},"slope":null,"std_dev":{"confidence_interval":{"confidence_level":0.95,"lower_bound":1920904.4254351875,"upper_bound":3312466.7291514273},"point_estimate":2634968.573241095,"standard_error":357151.9477023053}}