{"mean":{"confidence_interval":{"confidence_level":0.95,"lower_bound":23681783.173499998,"upper_bound":24958066.56666667},"point_estimate":24291813.159999996,"standard_error":325191.37189790834},"median":{"confidence_interval":{"confidence_level":0.95,"lower_bound":22847955.537499998,"upper_bound":24029277.333333336},"point_estimate":23252781.666666664,"standard_error":331181.70560917177},"median_abs_dev":{"confidence_interval":{"confidence_level":0.95,"lower_bound":1706755.4991990281,"upper_bound":3108415.3983145896},"point_estimate":2363519.3652391434,"standard_error":379030.35834486276},"slope":null,"std_dev":{"confidence_interval":{"confidence_level":0.95,"lower_bound":2504944.308993931,"upper_bound":4006509.9513296788},"point_estimate":3267756.8276358014,"standard_error":385280.3364531283}}