{"mean":{"confidence_interval":{"confidence_level":0.95,"lower_bound":-0.0043045616419230505,"upper_bound":0.05085120114767472},"point_estimate":0.022864304423175996,"standard_error":0.014132834549217821},"median":{"confidence_interval":{"confidence_level":0.95,"lower_bound":-0.02321456191518161,"upper_bound":0.024659167657547387},"point_estimate":-0.003690476646876273,"standard_error":0.012345426904517353}}