{"mean":{"confidence_interval":{"confidence_level":0.95,"lower_bound":-0.027467612837121586,"upper_bound":0.02894439507814406},"point_estimate":0.002411843338007147,"standard_error":0.014462186334088857},"median":{"confidence_interval":{"confidence_level":0.95,"lower_bound":-0.03521478442719017,"upper_bound":0.006213304818852627},"point_estimate":-0.015632548590231776,"standard_error":0.010554130367783346}}