{"mean":{"confidence_interval":{"confidence_level":0.95,"lower_bound":0.033803484522840044,"upper_bound":0.13598016305588087},"point_estimate":0.07958779664515636,"standard_error":0.026179026556238254},"median":{"confidence_interval":{"confidence_level":0.95,"lower_bound":0.025920504241277342,"upper_bound":0.08194580773088167},"point_estimate":0.050598482913308374,"standard_error":0.015163141593656672}}