{"mean":{"confidence_interval":{"confidence_level":0.95,"lower_bound":20502561.94999999,"upper_bound":21188933.789666664},"point_estimate":20824582.58,"standard_error":175756.68850641066},"median":{"confidence_interval":{"confidence_level":0.95,"lower_bound":20097991.333333332,"upper_bound":20894274.333333332},"point_estimate":20523781.166666664,"standard_error":196783.16207716212},"median_abs_dev":{"confidence_interval":{"confidence_level":0.95,"lower_bound":894991.4892107248,"upper_bound":1386710.5964809656},"point_estimate":1095177.079656721,"standard_error":128226.8834823089},"slope":null,"std_dev":{"confidence_interval":{"confidence_level":0.95,"lower_bound":1167408.1962577798,"upper_bound":2395950.9371353555},"point_estimate":1766761.048480926,"standard_error":331037.1452704603}}