{"mean":{"confidence_interval":{"confidence_level":0.95,"lower_bound":19077522.620333333,"upper_bound":20238749.772749998},"point_estimate":19629210.729999997,"standard_error":297124.58603498706},"median":{"confidence_interval":{"confidence_level":0.95,"lower_bound":18237253.0,"upper_bound":19243700.666666668},"point_estimate":18835733.5,"standard_error":227371.94091022012},"median_abs_dev":{"confidence_interval":{"confidence_level":0.95,"lower_bound":1213474.9670565105,"upper_bound":2065703.2198314348},"point_estimate":1514988.1114035845,"standard_error":217892.39169993385},"slope":null,"std_dev":{"confidence_interval":{"confidence_level":0.95,"lower_bound":2203844.97277022,"upper_bound":3659819.7234253567},"point_estimate":2991591.7619115114,"standard_error":371809.89714352967}}