{"mean":{"confidence_interval":{"confidence_level":0.95,"lower_bound":26066037.29,"upper_bound":27280436.3815},"point_estimate":26648681.925,"standard_error":311544.13380976487},"median":{"confidence_interval":{"confidence_level":0.95,"lower_bound":25274423.5,"upper_bound":26649679.5},"point_estimate":25956190.75,"standard_error":284175.84900742763},"median_abs_dev":{"confidence_interval":{"confidence_level":0.95,"lower_bound":1643376.8213242292,"upper_bound":2792177.1945789456},"point_estimate":2117265.810661018,"standard_error":289594.20661583915},"slope":null,"std_dev":{"confidence_interval":{"confidence_level":0.95,"lower_bound":2347492.20560457,"upper_bound":3837682.7636930468},"point_estimate":3144741.5871092677,"standard_error":381042.93021484703}}