{"mean":{"confidence_interval":{"confidence_level":0.95,"lower_bound":25666008.445,"upper_bound":26609171.245},"point_estimate":26121481.655,"standard_error":240244.92068426186},"median":{"confidence_interval":{"confidence_level":0.95,"lower_bound":25425647.25,"upper_bound":26015921.5},"point_estimate":25770732.25,"standard_error":171002.7062337905},"median_abs_dev":{"confidence_interval":{"confidence_level":0.95,"lower_bound":1105976.5849649906,"upper_bound":1875528.6262527108},"point_estimate":1593499.1930097342,"standard_error":187710.1577725307},"slope":null,"std_dev":{"confidence_interval":{"confidence_level":0.95,"lower_bound":1795056.7616335934,"upper_bound":2996399.5698160524},"point_estimate":2417945.6190862996,"standard_error":308139.90594925}}