{"mean":{"confidence_interval":{"confidence_level":0.95,"lower_bound":-0.0685535709059079,"upper_bound":-0.02424304830620567},"point_estimate":-0.04620863306284062,"standard_error":0.011350504908519023},"median":{"confidence_interval":{"confidence_level":0.95,"lower_bound":-0.062302113237019396,"upper_bound":-0.010283804503106569},"point_estimate":-0.035615376706694235,"standard_error":0.012580708821610411}}