{"mean":{"confidence_interval":{"confidence_level":0.95,"lower_bound":-0.007275751596092815,"upper_bound":0.04486038911400359},"point_estimate":0.017601860634538502,"standard_error":0.013250879798763058},"median":{"confidence_interval":{"confidence_level":0.95,"lower_bound":0.0015552395523315,"upper_bound":0.04704116573569983},"point_estimate":0.022072427527721095,"standard_error":0.011638170851840584}}