{"mean":{"confidence_interval":{"confidence_level":0.95,"lower_bound":25264121.274625003,"upper_bound":26103172.321624998},"point_estimate":25673457.145,"standard_error":214217.60913258535},"median":{"confidence_interval":{"confidence_level":0.95,"lower_bound":24778437.0,"upper_bound":25817139.5},"point_estimate":25310513.0,"standard_error":272885.77604903356},"median_abs_dev":{"confidence_interval":{"confidence_level":0.95,"lower_bound":1381967.017865181,"upper_bound":2336803.7847409374},"point_estimate":1689580.5669039488,"standard_error":246845.829668912},"slope":null,"std_dev":{"confidence_interval":{"confidence_level":0.95,"lower_bound":1725192.738662104,"upper_bound":2550483.0824571373},"point_estimate":2155368.9384974404,"standard_error":211933.7296439488}}