{"mean":{"confidence_interval":{"confidence_level":0.95,"lower_bound":20686452.845583335,"upper_bound":21599490.97941667},"point_estimate":21121274.406666666,"standard_error":233236.7607415361},"median":{"confidence_interval":{"confidence_level":0.95,"lower_bound":20319900.333333332,"upper_bound":20961433.333333332},"point_estimate":20641743.666666664,"standard_error":163814.16712159148},"median_abs_dev":{"confidence_interval":{"confidence_level":0.95,"lower_bound":862712.5696837865,"upper_bound":1705912.1469140053},"point_estimate":1138416.3665890647,"standard_error":220417.68248210868},"slope":null,"std_dev":{"confidence_interval":{"confidence_level":0.95,"lower_bound":1685658.5674978613,"upper_bound":2915588.7820241917},"point_estimate":2345391.0380781516,"standard_error":314391.78069167596}}