{"mean":{"confidence_interval":{"confidence_level":0.95,"lower_bound":18855151.052166663,"upper_bound":19963973.292583328},"point_estimate":19389838.60333333,"standard_error":282418.2859078906},"median":{"confidence_interval":{"confidence_level":0.95,"lower_bound":18358010.333333332,"upper_bound":19399100.0},"point_estimate":18892215.5,"standard_error":265062.9852624961},"median_abs_dev":{"confidence_interval":{"confidence_level":0.95,"lower_bound":1642505.5467396984,"upper_bound":2767320.788270236},"point_estimate":2130013.8229846973,"standard_error":284030.3833450134},"slope":null,"std_dev":{"confidence_interval":{"confidence_level":0.95,"lower_bound":2233156.8237190503,"upper_bound":3350136.504848466},"point_estimate":2833048.2798868683,"standard_error":285983.8190016173}}