{"mean":{"confidence_interval":{"confidence_level":0.95,"lower_bound":21063820.362666678,"upper_bound":22085605.371500004},"point_estimate":21553392.15333334,"standard_error":260285.52200135187},"median":{"confidence_interval":{"confidence_level":0.95,"lower_bound":20402401.166666668,"upper_bound":21300005.666666668},"point_estimate":20851476.166666668,"standard_error":220919.2686770539},"median_abs_dev":{"confidence_interval":{"confidence_level":0.95,"lower_bound":1141363.2811367512,"upper_bound":1892656.238898634},"point_estimate":1432392.2197699556,"standard_error":189589.58726198704},"slope":null,"std_dev":{"confidence_interval":{"confidence_level":0.95,"lower_bound":1995187.5658260742,"upper_bound":3189136.4737999486},"point_estimate":2624656.856059723,"standard_error":305820.5271519352}}