{"mean":{"confidence_interval":{"confidence_level":0.95,"lower_bound":-0.023870873169145712,"upper_bound":0.03798081757229027},"point_estimate":0.006101696274607882,"standard_error":0.015660081918520363},"median":{"confidence_interval":{"confidence_level":0.95,"lower_bound":-0.008730047065485568,"upper_bound":0.030834544738282066},"point_estimate":0.01616658953400152,"standard_error":0.010310551373874379}}