{"mean":{"confidence_interval":{"confidence_level":0.95,"lower_bound":-0.02175312849052048,"upper_bound":0.03147074702367488},"point_estimate":0.004516323534660804,"standard_error":0.013650368467698553},"median":{"confidence_interval":{"confidence_level":0.95,"lower_bound":-0.02031939488649892,"upper_bound":0.01717788246508456},"point_estimate":0.001504524257558204,"standard_error":0.009887074667941389}}