{"mean":{"confidence_interval":{"confidence_level":0.95,"lower_bound":-0.02023249542756058,"upper_bound":0.05289354105742681},"point_estimate":0.015590204986850598,"standard_error":0.01860501904088575},"median":{"confidence_interval":{"confidence_level":0.95,"lower_bound":-0.015543267071004951,"upper_bound":0.06256700624211065},"point_estimate":0.027913413083409555,"standard_error":0.019894899805145624}}