{"mean":{"confidence_interval":{"confidence_level":0.95,"lower_bound":22989614.505,"upper_bound":24519577.498125},"point_estimate":23709221.285,"standard_error":391698.29175647086},"median":{"confidence_interval":{"confidence_level":0.95,"lower_bound":22344063.0,"upper_bound":23232823.0},"point_estimate":22869388.75,"standard_error":230017.81095068375},"median_abs_dev":{"confidence_interval":{"confidence_level":0.95,"lower_bound":1358058.2400396466,"upper_bound":2324792.0006766915},"point_estimate":1877515.6808674335,"standard_error":244127.63179735406},"slope":null,"std_dev":{"confidence_interval":{"confidence_level":0.95,"lower_bound":2711566.594995639,"upper_bound":4920615.623405081},"point_estimate":3918753.381467017,"standard_error":565096.4807109281}}