{"mean":{"confidence_interval":{"confidence_level":0.95,"lower_bound":25848088.962875,"upper_bound":26868342.187374998},"point_estimate":26334123.615,"standard_error":260691.36106127285},"median":{"confidence_interval":{"confidence_level":0.95,"lower_bound":25565792.0,"upper_bound":26471686.5},"point_estimate":25874297.0,"standard_error":245348.81129047147},"median_abs_dev":{"confidence_interval":{"confidence_level":0.95,"lower_bound":1333085.3260830045,"upper_bound":2146045.6707000732},"point_estimate":1710975.2258241177,"standard_error":209332.02787594308},"slope":null,"std_dev":{"confidence_interval":{"confidence_level":0.95,"lower_bound":1916251.9751824338,"upper_bound":3311707.2036155346},"point_estimate":2622031.880631448,"standard_error":358246.1600607598}}