{"mean":{"confidence_interval":{"confidence_level":0.95,"lower_bound":18997057.73508333,"upper_bound":20042023.575666666},"point_estimate":19503062.139999997,"standard_error":267204.3532926806},"median":{"confidence_interval":{"confidence_level":0.95,"lower_bound":18142663.0,"upper_bound":19341254.0},"point_estimate":18743707.166666668,"standard_error":281238.81152510864},"median_abs_dev":{"confidence_interval":{"confidence_level":0.95,"lower_bound":1305689.2260193862,"upper_bound":2208329.8870968046},"point_estimate":1660562.8731191196,"standard_error":243225.90610115597},"slope":null,"std_dev":{"confidence_interval":{"confidence_level":0.95,"lower_bound":2106192.026763878,"upper_bound":3178242.6838833783},"point_estimate":2682044.499768054,"standard_error":275273.3776165077}}