{"mean":{"confidence_interval":{"confidence_level":0.95,"lower_bound":20475461.413249996,"upper_bound":21238474.010750003},"point_estimate":20840920.240000002,"standard_error":194624.9434843046},"median":{"confidence_interval":{"confidence_level":0.95,"lower_bound":19962711.666666664,"upper_bound":20681214.666666668},"point_estimate":20336512.833333336,"standard_error":182456.34452499033},"median_abs_dev":{"confidence_interval":{"confidence_level":0.95,"lower_bound":827363.4327113628,"upper_bound":1563937.8792345515},"point_estimate":1152999.9612301597,"standard_error":202780.89300963422},"slope":null,"std_dev":{"confidence_interval":{"confidence_level":0.95,"lower_bound":1469584.7272047175,"upper_bound":2388102.118819742},"point_estimate":1959258.0389417042,"standard_error":234236.5200138632}}