{"mean":{"confidence_interval":{"confidence_level":0.95,"lower_bound":18405530.703333333,"upper_bound":19718631.267666668},"point_estimate":19033650.010000017,"standard_error":336565.1416524971},"median":{"confidence_interval":{"confidence_level":0.95,"lower_bound":17621619.666666668,"upper_bound":18393414.5},"point_estimate":17969496.0,"standard_error":186308.26322752525},"median_abs_dev":{"confidence_interval":{"confidence_level":0.95,"lower_bound":954121.5297609586,"upper_bound":1812142.9060280342},"point_estimate":1296878.1343758088,"standard_error":232070.734176077},"slope":null,"std_dev":{"confidence_interval":{"confidence_level":0.95,"lower_bound":2606283.8962532314,"upper_bound":4026467.0750337127},"point_estimate":3383073.3735997058,"standard_error":364275.3664554999}}