{"mean":{"confidence_interval":{"confidence_level":0.95,"lower_bound":-0.07404152649951413,"upper_bound":-0.003357412819190736},"point_estimate":-0.03924704068062712,"standard_error":0.017890528283964504},"median":{"confidence_interval":{"confidence_level":0.95,"lower_bound":-0.07918613729703672,"upper_bound":-0.017256265423638895},"point_estimate":-0.04733740337226511,"standard_error":0.015746722217862875}}