{"mean":{"confidence_interval":{"confidence_level":0.95,"lower_bound":-0.003376151482326132,"upper_bound":0.05123889562698418},"point_estimate":0.023995050012803443,"standard_error":0.013933977821228785},"median":{"confidence_interval":{"confidence_level":0.95,"lower_bound":0.006533306455343237,"upper_bound":0.04815182603807254},"point_estimate":0.02392549263126087,"standard_error":0.010152829523098802}}