{"mean":{"confidence_interval":{"confidence_level":0.95,"lower_bound":25681182.115,"upper_bound":26782440.535875},"point_estimate":26193906.22,"standard_error":282567.02466020116},"median":{"confidence_interval":{"confidence_level":0.95,"lower_bound":25250860.0,"upper_bound":25944061.5},"point_estimate":25495575.25,"standard_error":186830.32691837708},"median_abs_dev":{"confidence_interval":{"confidence_level":0.95,"lower_bound":1055763.638867699,"upper_bound":1975353.7967367095},"point_estimate":1400687.8077328205,"standard_error":235480.33589369032},"slope":null,"std_dev":{"confidence_interval":{"confidence_level":0.95,"lower_bound":1846338.869914946,"upper_bound":3922481.874545522},"point_estimate":2841854.47409952,"standard_error":565667.0221324665}}