{"mean":{"confidence_interval":{"confidence_level":0.95,"lower_bound":0.020986919884658343,"upper_bound":0.06920316964300878},"point_estimate":0.04580403529840327,"standard_error":0.012338622488678152},"median":{"confidence_interval":{"confidence_level":0.95,"lower_bound":0.0316670516208124,"upper_bound":0.07959208454237521},"point_estimate":0.05623318063374505,"standard_error":0.012507181821365843}}