{"mean":{"confidence_interval":{"confidence_level":0.95,"lower_bound":-0.017517914321612486,"upper_bound":0.05481774318482632},"point_estimate":0.019255016347754284,"standard_error":0.0184705405340596},"median":{"confidence_interval":{"confidence_level":0.95,"lower_bound":-0.0242451748019058,"upper_bound":0.049656409024352983},"point_estimate":0.013151066579205839,"standard_error":0.018377852215899118}}