{"mean":{"confidence_interval":{"confidence_level":0.95,"lower_bound":-0.06714439833348261,"upper_bound":-0.019239644095254724},"point_estimate":-0.04392275525216349,"standard_error":0.012184570860186244},"median":{"confidence_interval":{"confidence_level":0.95,"lower_bound":-0.06095518378840925,"upper_bound":-0.016102377590320405},"point_estimate":-0.04011676566024158,"standard_error":0.011780744932696574}}