{"mean":{"confidence_interval":{"confidence_level":0.95,"lower_bound":20620094.235500004,"upper_bound":21648026.80383333},"point_estimate":21112060.773333333,"standard_error":262147.4176065335},"median":{"confidence_interval":{"confidence_level":0.95,"lower_bound":20176596.333333332,"upper_bound":20776838.333333336},"point_estimate":20436095.333333336,"standard_error":156175.30844611363},"median_abs_dev":{"confidence_interval":{"confidence_level":0.95,"lower_bound":1096673.0230301628,"upper_bound":2233079.725354906},"point_estimate":1599602.3158013877,"standard_error":314574.4435884532},"slope":null,"std_dev":{"confidence_interval":{"confidence_level":0.95,"lower_bound":2004918.197035885,"upper_bound":3167508.854633595},"point_estimate":2631843.7607200993,"standard_error":297638.10785454354}}