{"mean":{"confidence_interval":{"confidence_level":0.95,"lower_bound":0.009593568109839135,"upper_bound":0.05642054469886706},"point_estimate":0.03268378501155089,"standard_error":0.011931290831733969},"median":{"confidence_interval":{"confidence_level":0.95,"lower_bound":0.010171861595959175,"upper_bound":0.0625268601902782},"point_estimate":0.037687881538592816,"standard_error":0.012946524298605181}}