{"mean":{"confidence_interval":{"confidence_level":0.95,"lower_bound":-0.04601342660336824,"upper_bound":0.03354529221517288},"point_estimate":-0.0064265747479700375,"standard_error":0.020218670279287494},"median":{"confidence_interval":{"confidence_level":0.95,"lower_bound":-0.044013007076854294,"upper_bound":0.03719129867275428},"point_estimate":-0.0048857313325935126,"standard_error":0.020013947124966857}}