{"mean":{"confidence_interval":{"confidence_level":0.95,"lower_bound":-0.05691779781231348,"upper_bound":0.004606564551480215},"point_estimate":-0.027980616827333438,"standard_error":0.01566686967013427},"median":{"confidence_interval":{"confidence_level":0.95,"lower_bound":-0.03733413245032757,"upper_bound":0.0075837333232067206},"point_estimate":-0.011494806752077924,"standard_error":0.011301336927134467}}